ip_address,is_gclid,url,country_name
108.162.245.43,yes,/landing/flutter-2,United States
108.162.245.43,yes,/landing/flutter-2,United States
108.162.245.43,yes,/landing/flutter-2,United States
108.162.245.16,yes,/landing/flutter-2,United States
108.162.245.204,yes,"/landing/images
   /landing/flutter-2",United States
108.162.245.6,yes,/landing/flutter-2,United States
108.162.245.162,yes,"/landing/flutter-2
   /landing/images",United States
108.162.245.178,yes,"/landing/flutter-2
   /landing/images",United States
108.162.245.185,yes,/landing/flutter-2,United States
108.162.245.167,yes,"/landing/flutter-2
   /landing/images",United States
108.162.245.30,yes,/landing/images,United States
108.162.245.122,yes,/landing/flutter-2,United States
108.162.245.88,yes,/landing/images,United States
108.162.245.150,yes,"/landing/flutter-2
   /landing/images",United States
108.162.245.159,yes,"/landing/flutter-2
   /landing/images",United States
108.162.245.92,yes,/landing/flutter-2,United States
108.162.245.196,yes,/landing/flutter-2,United States
108.162.245.55,yes,/landing/laravel-2,United States
108.162.245.133,yes,/landing/laravel-2,United States
108.162.245.179,yes,/landing/images,United States
108.162.245.102,yes,"/landing/laravel-2
   /landing/images",United States
108.162.245.194,yes,/landing/images,United States
108.162.245.193,yes,/landing/laravel-2,United States
108.162.245.56,yes,/landing/images,United States
108.162.245.174,yes,/landing/images,United States
108.162.245.241,yes,/landing/laravel-2,United States
108.162.245.230,yes,/landing/laravel-2,United States
108.162.245.151,yes,/landing/laravel-2,United States
108.162.245.67,yes,/landing/laravel-2,United States
108.162.245.41,yes,/landing/laravel-2,United States
108.162.245.211,yes,/landing/laravel-2,United States
108.162.245.146,yes,/landing/laravel-2,United States
108.162.245.195,yes,/landing/laravel-2,United States
108.162.245.247,yes,/landing/laravel-2,United States
108.162.245.141,yes,/landing/laravel-2,United States
108.162.245.114,yes,/landing/laravel-2,United States
